DATE,TIME,AUTHOR,COPY,ASSETS
"Friday, July 24th, 2015",11:50,me,So I think my boobs are trying to kill me.,
"Friday, July 24th, 2015",11:50,me,"Went to the naturopathic doctor. Once he heard my symptoms, he backed away and told me to immediately get a biopsy. There was ""nothing he could do for me anymore""",
"Friday, July 24th, 2015",11:50,negative,uh oh.,
"Friday, July 24th, 2015",11:50,negative,that can't be good.,
"Friday, July 24th, 2015",11:51,positive,"It's fine, doctors overreact.",
"Saturday, July 25th, 2015",10:30,me,"It's so weird-- I've never been to a ""real"" doctor besides my parents.",
"Saturday, July 25th, 2015",10:31,negative,Which is probably why you're DYING.,
"Sunday July 26th, 2015",22:34,me,Can't sleep.,
"Sunday July 26th, 2015",22:34,me,What happens if the diagnosis is bad...,
"Sunday July 26th, 2015",22:35,positive,"Oh, come on. Doctors always tell you the worst.",
"Sunday July 26th, 2015",22:35,positive,Don't worry. No matter what happens tomorrow...the only difference between yesterday and tomorrow is that you'll know. ,
"Sunday July 26th, 2015",22:35,negative,But if it's bad...,
"Monday July 27th, 2015 ",11:34,positive,phew. Doctor says she's not worried.,
"Monday July 27th, 2015 ",11:34,negative,She still sent you to get an ultrasound.,
"Monday July 27th, 2015 ",11:34,me,....right.,
"Monday July 27th, 2015 ",11:35,positive,she's just doing it to be sure.,
"Monday July 27th, 2015 ",11:42,negative,.....but if it's bad.....,
"Monday July 27th, 2015 ",12:34,me,MY APPOINTMENT WAS AT 12:30 I'VE BEEN SITTING HERE FOR 25 MINUTES,
"Monday July 27th, 2015 ",12:34,negative,DYING FOR 25 MINUTES,
"Monday July 27th, 2015 ",12:35,positive,DEEP BREATHS DEEP BREATHS. MEDITATION. INHALE EXHALE INHALE EXHALE.,
"Monday July 27th, 2015 ",13:32,me,My technician keeps calling all the ultrasound pictures she's taking 'beautiful',
"Monday July 27th, 2015 ",13:32,positive,"As long as she's still positive, all the more reason to take it easy. It can't be that bad.",
"Monday July 27th, 2015 ",13:39,negative,"Well, she just bolted off saying ""she needed to talk to the doc""",
"Monday July 27th, 2015 ",13:39,negative,...shit.,
"Monday July 27th, 2015 ",13:45,me,"Well, Dr. Pusey saw the ultrasound and requested a mammogram.",
"Monday July 27th, 2015 ",13:45,negative,ohmyshit.,
"Monday July 27th, 2015 ",13:47,positive,shh shh shhhhh. We don't know the results yet. ,
"Monday July 27th, 2015 ",14:12,me,"....they gave me a 2"" thick board to ""protect my ovaries"", while the technician stands behind a fking SHIELD while conducting the mammogram. There's no way in hell that this can be good for me.",
"Monday July 27th, 2015 ",14:12,negative,"So you're saying...if you didn't have cancer, you're probably going to have it now.",
"Monday July 27th, 2015 ",14:35,me,"Doctor told me to ""have a seat""",
"Monday July 27th, 2015 ",14:35,negative,"Fuck. You know, in those movies...good news never follows ""have a seat""",
"Monday July 27th, 2015 ",14:39,me,What's calcification? ,
"Monday July 27th, 2015 ",14:39,negative,"I don't know, but mom and dad don't look too happy.",
"Monday July 27th, 2015 ",14:43,positive,She didn't say cancer. She never said cancer. You're good.,
"Monday July 27th, 2015 ",14:43,positive,Biopsy scheduled. One more chance to prove you'll be fine.,
"Tuesday July 28th, 2015",23:35,me,I FUCKING HATE NEEDLES.,
"Wednesday, July 29th, 2015",16:15,me,"Apparently I have this illogical belief where if I'm super nice to my technicians, somehow I won't have cancer.",
"Thursday, July 30th, 2015",20:23,me,Shopping and splurging on ice cream with parents to get my mind off of the results tomorrow.,
"Thursday, July 30th, 2015",20:23,negative,Because it's the last.,
"Thursday, July 30th, 2015",20:23,negative,you'll.,
"Thursday, July 30th, 2015",20:23,negative,ever.,
"Thursday, July 30th, 2015",20:23,negative,have.,
"Thursday, July 30th, 2015",20:23,negative,lol jk.,
"Thursday, July 30th, 2015",20:23,negative,but really.,
"Thursday, July 30th, 2015",20:23,negative,probably.,
"Friday, July 31st, 2015",16:36,me,"Ok universe, I get it.

If this is some crazy lesson to get me to appreciate life more, I get it. I do. Really.

Please, please I beg of you. Please stop. I’ve learned my lesson. Please, I beg of you, please don’t be cancer.",
"Friday, July 31st, 2015",16:42,negative,Oh god the technician saw me and ran away.,
"Friday, July 31st, 2015",16:42,negative,OH GOD SHE KNOWS.,
"Friday, July 31st, 2015",16:54,me,Doctor's here.,
"Friday, July 31st, 2015",16:55,negative,She's avoiding my gaze.,
"Friday, July 31st, 2015",16:55,negative,Her hands are shaking.,
"Friday, July 31st, 2015",16:55,negative,Oh my god she's asking us to SIT DOWN. ,
"Friday, July 31st, 2015",16:55,negative,THIS CAN'T BE GOOD.,
"Friday, July 31st, 2015",16:56,positive,It's fine. ,
"Friday, July 31st, 2015",16:56,positive,smile! &#x1f60a,
"Friday, July 31st, 2015",16:56,positive,You're going to be fine.,
"Friday, July 31st, 2015",17:02,me,"……




Well.


I have cancer.",
"Friday, July 31st, 2015",17:02,negative,....fuck.,
"Friday, July 31st, 2015",17:03,positive,hey. hey remember what we talked about? You're going to be fine.,
"Friday, July 31st, 2015",17:03,negative,"Hey fuck you, stop saying it's going to be fine. You don't know that. ",
"Friday, July 31st, 2015",17:03,positive,You're going to be beat this.,
"Friday, July 31st, 2015",17:03,positive,You're going to be okay.,
"Friday, July 31st, 2015",17:04,me,"……

How are mom and dad?",
"Friday, July 31st, 2015",17:04,negative,In shock.,
"Friday, July 31st, 2015",17:05,me,"
I guess you can’t blame them. They’ve spent their lives teaching people how to prevent cancer.

Their own little girl was just diagnosed. How do you think they'd feel?

Grandma died from breast cancer. I can’t even imagine what dad’s going through.",
"Friday, July 31st, 2015",17:05,me,Everything's going in slow motion.,
"Friday, July 31st, 2015",17:07,positive,You need time to digest this. Go out for a walk. Go to where people are. Take deep breaths. ,
"Friday, July 31st, 2015",17:07,positive,It's not the end of the world.,
"Friday, July 31st, 2015",18:52,me,Welp. I just broke down crying in a public restaurant.,
"Friday, July 31st, 2015",18:52,me,Is this what it's going to be like from now on?,
"Friday, July 31st, 2015",18:55,positive,"It could be.

Or it could be like this:

Besides grandma, everyone else you know has survived from cancer. And they’ve survived well.

You’re not dead yet. And you probably won’t die. Cancer isn’t a death sentence. 

You’re going to be okay.",
"Friday, July 31st, 2015",18:55,positive,"Take advantage of this opportunity and turn this into something meaningful. An art piece, a time to grow, a chance to empathize with people are going through their own painful experiences.

You’re going to understand a pain that most people have never been through.

And you’re going to be so much better because of it.",
"Friday, July 31st, 2015",18:55,positive,How you take these things are up to you.,
"Friday, July 31st, 2015",18:55,negative,Just try not to be annoying about it.,
"Friday, July 31st, 2015",19:46,me,"<img src=""img/necklace.jpg""></img>",
"Friday, July 31st, 2015",19:46,me,A gift from my parents.,
"Friday, July 31st, 2015",19:46,positive,&#x1f60a,
"Sunday, August 2nd, 2015",8:31,me,Have I discovered what will eventually kill me?,
"Sunday, August 2nd, 2015",8:32,positive,Nah. You've discovered the thing that will make you feel the most alive. ,
"Sunday, August 2nd, 2015",8:32,positive,"Besides, I've lived a life with no regrets and always went for everything I wanted...even if I was to die...it'd be okay.",
"Monday, August 3rd, 2015",14:21,me,"I worry when I see my mom putting on a positive face and telling me that taking care of me is no big deal, but then seeing her passed out sleeping on the bed mid-day.",
"Monday, August 3rd, 2015",18:16,positive,"<img src=""img/dress.png""></img>",
"Monday, August 3rd, 2015",18:16,positive,The best way to deal with shitty doctors appointments is to dress in your favorite clothes.,
"Tuesday, August 4th, 2015",18:45,me,It never really set in until we started mapping out treatment plans.,
"Tuesday, August 4th, 2015",18:48,positive,"I feel like such a normal, healthy person...the nurse took my BP & info and said ""wow, like an athlete"" &#x1f60a",
"Tuesday, August 4th, 2015",18:48,negative,"Even with that, you have cancer. Kind of scary how you would have never seen it coming, huh.",
"Tuesday, August 4th, 2015",19:23,me,The doctor wants me to go to a fertility clinic to freeze my eggs...because the treatment might make me infertile.,
"Tuesday, August 4th, 2015",19:23,positive,Cool. I didn't want kids anyways.,
"Tuesday, August 4th, 2015",19:25,negative,Wait no what the fuck.,
"Tuesday, August 4th, 2015",19:25,negative,"I mean, I don't want kids NOW",
"Tuesday, August 4th, 2015",19:25,negative,But I'd like the fucking option ,
"Tuesday, August 4th, 2015",19:25,negative,It's not fair. It's not fucking fair. I'm 25. Why the hell do I have to be pressured to answer this question now? ,
"Tuesday, August 4th, 2015",19:25,positive,maybe you should leave it up to fate.,
"Tuesday, August 4th, 2015",19:25,negative,"And what if I don't? What if I can't? What if there's no such thing as ""fate""? It's not scientifically proven. It's just this stupid myth to tell you that everything is going to be okay.",
"Tuesday, August 4th, 2015",19:25,negative,What if it's not?,
"Thursday, August 6th, 2015",9:59,me,Starting to do the inevitable deed of telling my friends.,
"Thursday, August 6th, 2015",9:59,positive,The shock...then the overwhelming amount of support is heartwarming.,
"Thursday, August 6th, 2015",9:59,negative,But then I always wonder...,
"Thursday, August 6th, 2015",9:59,negative,Will people gossip about it? ,
"Thursday, August 6th, 2015",9:59,negative,What will people think of me?,
"Monday, August 10th, 2015",10:21,me,Unnngh. MRI time. Helloooo claustrophobia.,
"Monday, August 10th, 2015",10:21,positive,Remember David Kelley's TED Talk? The MRI machine is a pirate ship!,
"Monday, August 10th, 2015",10:21,negative,Thanks but I'm not 5.,
"Wednesday, August 12th, 2015",12:01,positive,Look!,
"Wednesday, August 12th, 2015",12:01,positive,"<img src=""img/IV.png""></img>",
"Wednesday, August 12th, 2015",12:01,positive,My IV matches my skirt. On fleek! &#x1f60a,
"Thursday, August 13th, 2015",11:05,me,"Oh, Dr. Vandermolen's office called and just put me on hold. He wants to talk to me about my MRI results",
"Thursday, August 13th, 2015",11:05,negative,"He called YOU, AND put you on hold? That can't be good.",
"Thursday, August 13th, 2015",11:05,positive,"Remember, regardless of the results...you're going to be fine.",
"Thursday, August 13th, 2015",11:06,me,Thank god my mom's here. This is like the diagnosis all over again. ,
"Thursday, August 13th, 2015",11:06,me,!!!!!,
"Thursday, August 13th, 2015",11:06,me,The MRI and PET scan came back and the results are good!!! No cancer detected anywhere else!,
"Thursday, August 13th, 2015",11:06,positive,YAAAAASSSSSSSS &#x1f64c &#x1f64c &#x1f64c &#x1f64c &#x1f64c,
"Thursday, August 13th, 2015",21:12,me,"It's such a weird feeling to be sitting here, on the rooftop of a friend's apartment building, celebrating her housewarming when no one here knows I have cancer. ",
"Thursday, August 13th, 2015",21:12,me,"Makes me not want to tell anyone, now or...just..ever.",
"Thursday, August 13th, 2015",21:13,negative,I feel like it'll just ruin the fun wherever I go.,
"Thursday, August 13th, 2015",21:13,negative,"It's my problem to deal with, anyways. Why would anyone else need to know?",
"Saturday August 15th, 2015",13:02,me,Oh god I'm going to lose my hair. No one will want to ask me out.,
"Saturday August 15th, 2015",13:02,positive,Ohhhh who am I kidding. No one asks me out when I HAVE hair. It won't make a difference.,
"Saturday August 15th, 2015",13:02,positive,Imma be the most fashionable bald person there is.,
"Saturday August 15th, 2015",13:02,positive,Natalie Portman has nothing on me.,
"Wednesday August 19th, 2015",14:52,positive,"To be honest, ever since this whole thing started, I've been relaxing a LOT, getting a lot of reading done, and thinking up a lot of really great art projects. 

What a blessing in disguise.",
"Friday, August 21st, 2015",12:00,negative,Sometimes I feel like life owes me an explanation.,
"Friday, August 21st, 2015",12:00,negative,"I’ve been so good.

I don’t drink, I never do drugs, I never eat fast food and drink only green tea and water. I eat organic and rarely eat meat.

I don’t even drink coffee.

I exercise regularly, I keep a positive mindset. I go to sleep and wake up on a regular schedule. I don't even own a fucking microwave.

I do everything the goddamn book says.

EVERYTHING.

And out of EVERYONE, this has to happen to me.",
"Friday, August 21st, 2015",12:00,negative,"It's like I'm suffering for everything I did right, while everyone else is out having the time of their lives.",
"Friday, August 21st, 2015",12:05,me,"Well, that's unfair. We don't really know what causes cancer yet besides mutations in cells. All that other stuff are just possible minor factors. ",
"Friday, August 21st, 2015",12:05,positive,It's easy to look at how shitty things are right now. ,
"Friday, August 21st, 2015",12:05,positive,"Everyone always says that you're going to be better because of it. I know it's hard to remember when it sucks so much right now, but five years from now it'll all be a blur.",
"Tuesday, August 25th, 2015",8:31,me,"Mom just e-mailed me a ""12 tips to prevent cancer"" article.",
"Tuesday, August 25th, 2015",8:31,me,"Nice try, mom.",
"Tuesday, August 25th, 2015",8:31,me,I already have cancer.,
"Tuesday, August 25th, 2015",8:31,me,Huhuhuhu.,
"Tuesday, August 25th, 2015",8:31,me,I love morbid jokes.,
"Tuesday, August 25th, 2015",13:37,me,OMG i just got the worst haircut ever. It's too short. &#x1f629,
"Tuesday, August 25th, 2015",13:37,positive,There are worse things.,
"Tuesday, August 25th, 2015",13:37,positive,Like getting cancer,
"Tuesday, August 25th, 2015",13:37,positive,lololololol,
"Tuesday, August 25th, 2015",13:37,positive,#morbidjokes,
"Tuesday, August 25th, 2015",13:39,me,"I guess I won't be that sad if i lose it now, lol. ",
"Thursday, August 27th, 2015",18:37,me,A lot of girls love their hair. But you never realize just how much you love it until you might lose it.,
"Thursday, August 27th, 2015",18:37,negative,"What pisses me off the most, though, is how the nurse and doctor act like losing your hair is no big deal.",
"Thursday, August 27th, 2015",18:37,negative,Did you ever have you lose your hair?,
"Thursday, August 27th, 2015",18:38,negative,Were YOU ever FORCED to have all of your hair just FALL OUT without your control? ,
"Thursday, August 27th, 2015",18:38,negative,Don't you fucking dare tell me that it's not a big deal.,
"Thursday, August 27th, 2015",18:38,negative,You don't fucking know. ,
"Thursday, August 27th, 2015",19:52,positive,Hey.,
"Thursday, August 27th, 2015",19:52,positive,Take it like another creative brief.,
"Thursday, August 27th, 2015",19:52,positive,What creative things can you do when you're bald?,
"Thursday, August 27th, 2015",19:52,positive,Girls don't often get the chance to be bald. Take the opportunity to be a badass baldie.,
"Thursday, August 27th, 2015",19:52,positive,Crystal mohawk?,
"Thursday, August 27th, 2015",19:52,positive,OMGOMGOMG,
"Thursday, August 27th, 2015",19:52,positive,GO TO WORK AS MR. CLEAN. LOLLLL,
"Thursday, August 27th, 2015",19:54,positive,"Shachar says I should just go to work as a bunch of famous bald people. Donald Trump, Jafar, Xavier....",
"Thursday, August 27th, 2015",19:54,me,wtf. Now I'm excited to be bald. &#x1f610,
"Monday, August 31st, 2015",19:02,me,So I tried to pull the cancer card on mom today.,
"Monday, August 31st, 2015",19:02,me,"She was scolding me for something I left on the floor, so I made a puppy dog face and said ""...but mom, I have cancer :(""",
"Monday, August 31st, 2015",19:02,me,"She laughed and said ""OTHER PEOPLE HAD CANCER AND WROTE A BOOK. WHAT DID YOU DO?!""",
"Monday, August 31st, 2015",19:02,me,hehehe. #asianmoms,
"Monday, August 31st, 2015",19:03,positive,The good thing is she's taking these morbid jokes much better than she did before. ,
"Wednesday, September 2nd, 2015",10:14,me,Told my mom about my bald plan.,
"Wednesday, September 2nd, 2015",10:14,me,"She laughed and said ""You're going to be so disappointed if you don't lose your hair.""",
"Wednesday, September 2nd, 2015",10:14,me,"Then she looked at her maroon-colored bedspread and said ""You could be the Dalai lama"" and started laughing even harder.",
"Wednesday, September 2nd, 2015",10:15,me,"Now she yelled ""GANDHI!"". She's on a roll.",
"Wednesday, September 2nd, 2015",10:15,positive,Humor is the best medicine. &#x1f60a,
"Friday, September 4th, 2015",10:30,me,"During the echocardiogram, my technician told me about ice caps -- some new way to keep your hair during chemo.",
"Friday, September 4th, 2015",10:30,positive,"I said ""Thanks, but I already have my bald plan figured out"", and told him about the Dalai Lama and Gandhi.",
"Friday, September 4th, 2015",10:30,positive,"He laughed and told me ""The King & I!"" and made me promise that the next time I see him, I have to be dressed up. &#x1f601",
"Friday, September 4th, 2015",17:02,me,I had my first surgery today.,
"Friday, September 4th, 2015",17:02,me,Nothing 'big'-- putting a port into my vein so chemo will be easier.,
"Friday, September 4th, 2015",17:02,negative,Jeezus. Needles are bad enough.,
"Friday, September 4th, 2015",17:02,me,Staying awake while they did the procedure was terrifying enough.,
"Friday, September 4th, 2015",17:03,positive,"No matter how many doctors I see, I just happen to be super lucky and get the happiest, funniest doctors. ",
"Friday, September 4th, 2015",17:03,positive,"During the procedure, kept joking back and forth, making everything so much easier. ",
"Friday, September 4th, 2015",22:12,negative,"Booking improv tickets after doctors appointments make things so much easier...but now, during the show, I just feel tired.",
"Friday, September 4th, 2015",22:12,negative,"Actually, I feel tired all the time.",
"Friday, September 4th, 2015",22:12,negative,and chemo hasn't even started...,
"Saturday, September 5th, 2015",3:03,negative,Staying positive is hard when you're in so much pain.,
"Saturday, September 5th, 2015",3:03,me,The funniest thing is when the nurse asks you what your pain tolerance is.,
"Saturday, September 5th, 2015",3:03,me,"I want to say ""uh...I don't tolerate any pain"", but I know that's not what they're looking for.",
"Saturday, September 5th, 2015",3:03,me,Like....care to look at Allie Brosh's pain meter? ,
"Saturday, September 5th, 2015",3:03,me,"<a href=""http://hyperboleandahalf.blogspot.com/2010/02/boyfriend-doesnt-have-ebola-probably.html"">Hyperbole and a Half</a>",
"Monday, September 7th, 2015",19:14,me,Somebody better take me to fucking Disneyland after all this is over.,
"Tuesday September 8th, 2015",21:55,me,You know. There was a part of me that was really hoping this port was going to stick out and it would be like I was in the matrix.,
"Tuesday September 8th, 2015",21:55,positive,Man. That would have been so cool. ,
"Wednesday September 9th, 2015",19:00,positive,Pre-Chemo party time.,
"Wednesday September 9th, 2015",21:53,positive,"<img src=""img/friends.jpg""></img>",
"Wednesday September 9th, 2015",21:53,positive,:),
"Wednesday September 9th, 2015",21:53,positive,LAUNCHED! http://www.textingwithcancer.com -- phew!,
"Wednesday September 9th, 2015",21:53,positive,The best way to cope with shitty situations is to make art. ,
"Thursday September 10th, 2015",2:35,me,Yowza. I've never received so much attention in my life.,
"Thursday September 10th, 2015",2:35,me,"Past roommates, old flames, childhood friends, people I haven't even met. ",
"Thursday September 10th, 2015",2:35,positive,So much love to give. ,
"Thursday September 10th, 2015",2:35,negative,"""Cancer brings people together"" is what the slogan would be. Haaaa. ",
"Thursday September 10th, 2015",12:14,positive,Chemo time. Reading all the messages of love makes the injection so much easier to bear. ,
"Thursday September 10th, 2015",12:14,negative,Still. Needles fucking suck.,
"Thursday September 10th, 2015",12:14,negative,What also sucks is looking around and seeing that I'm the youngest patient in the room by at least 30 years. And everyone looks so sick. ,
"Thursday September 10th, 2015",12:14,positive,"Oh, you know. Always been an outlier. ;)",
"Thursday September 10th, 2015",12:16,me,"You know, I've been through alot. But the thing that drives me to tears the most is when the nurse tells me, ""It's not your fault.""",
"Thursday September 10th, 2015",12:16,negative,"When she says that it's unfair, and I'm allowed to feel that way. ",
"Thursday September 10th, 2015",12:16,positive,"I'm so used to everything having a cause or reason, and blaming myself...it feels like a release and forgiveness for being vulnerable.",
"Thursday September 10th, 2015",12:28,me,Fuck I really need to go pee.,
"Thursday September 10th, 2015",6:45,positive,"<img src=""img/flowers.jpg""></img>",
"Thursday September 10th, 2015",6:45,positive,Sweetness from my coworkers welcoming me at my doorstep after chemo. Nothing better than coming back from chemo with bouquets full of love. <3 ,
"Friday, September 11th, 2015",8:23,me,"I'm lying in bed, staring at the ceiling, kind of just waiting for the side effects to kick in. ",
"Friday, September 11th, 2015",8:23,negative,Jeezus christ.,
"Friday, September 11th, 2015",8:23,positive,That's no way to live.,
"Friday, September 11th, 2015",8:23,negative,"Seriously, what's wrong with you.",
"Friday, September 11th, 2015",8:23,positive,"Go out and take a walk. Remember The Happiness Advantage -- your mental / emotional state is an extremely powerful thing. Don't let negative thoughts induce the side effects -- sometimes they don't even happen. Doctors just say those things 'just in case'. Might not happen to you! Just stay healthy, hydrated, and exercise. You got this.",
"Friday, September 11th, 2015",8:23,negative,"GET YOUR SHIT TOGETHER, WOMAN. DAMN.",
"Saturday, September 12th, 2015",9:13,me,I lost my appetite today.,
"Saturday, September 12th, 2015",9:13,me,"I haven't really eaten in 2 days, actually. ",
"Saturday, September 12th, 2015",9:13,me,"I used to joke with my friends that although losing your appetite is a cancer symptom, I love food too much to lose any sort of appetite. But now I just can't stomache anything. ",
"Saturday, September 12th, 2015",9:13,negative,Doesn't help when mom puts SEAWEED in my OATMEAL. IT'S NOT HIDING NUTRIENTS WHEN IT'S IN PLAIN SIGHT.,
"Saturday, September 12th, 2015",9:15,positive,"Come on, just take a few bites. Mom went out of her way to make multiple things to make sure you'd eat something. Just eat something.",
"Saturday, September 12th, 2015",9:15,me,I can't.,
"Saturday, September 12th, 2015",9:15,negative,You can't make me.,
"Saturday, September 12th, 2015",9:15,positive,You need your protein. Take it one bite at a time. Deep breaths. A bite at a time.,
"Saturday, September 12th, 2015",9:15,me,I feel so bad. Mom's been working so hard trying to put up with my shit-- I don't want to become a burden because my stupid symptoms. It's frustrating to know that I'm not in control of my own body.,
"Saturday, September 12th, 2015",9:55,me,"I felt bad for not eating breakfast, and went back to the kitchen and told my mom I was sorry.

She turned around and said “Don’t you ever tell me that you’re sorry.”

…then I broke down and cried.",
"Saturday, September 12th, 2015",9:55,positive,"She came over and held me, and as I cried she whispered, “Just remember-- you’re not alone. The pain you’re going through is for hundreds of other young kids who are diagnosed everyday. You’re going to able to know what the pain they’re going through and be there for them. You’re not suffering for yourself.”",
"Saturday, September 12th, 2015",9:55,me,"She sighed and sat down across from me. As I wiped my tears she said, “I can’t imagine being a mother who doesn’t have my medical knowledge. Who’s younger, who might be the only income for her young kids, who doesn’t have a choice. I don’t know how they survive.”",
"Saturday, September 12th, 2015",9:57,positive,"At that moment, my dad walked by and said “WHERE’S MY PHONE?!”

She yelled back “CALL YOURSELF” and he said “I CAN’T CALL MYSELF IF I DON’T HAVE A PHONE”. She mumbled “we have so many other phones in the house…men will be men”, looked at me, and laughed.",
"Saturday, September 12th, 2015",9:57,me,"It's terrifying to no longer be in control of your own body. To not want to eat, to not want to get up, to not want to do anything.",
"Saturday, September 12th, 2015",10:25,me,"Despite my not supposed to be going out because of my weakened immune system, my mom told me emotional happiness was still the most important thing, and said ""well...I know I told you not to go to that art show tonight...but if you promise me to wear a face mask, you can go if it'll make you happy.""",
"Saturday, September 12th, 2015",10:25,positive,First time I've wanted to do something in days.,
"Saturday, September 12th, 2015",10:25,positive,"I swear, art will be the thing that saves me.",
"Sunday, September 13th, 2015",20:18,negative,brb going to go crawl in a hole and die right now.,
"Sunday, September 13th, 2015",20:18,me,I want to say the last 3 days were the worst I've ever had to endure.,
"Sunday, September 13th, 2015",20:18,positive,"But I think people say that whenever they're actually in pain. Of course, in the thick of it, it seems the worst. It's all relative.",
"Sunday, September 13th, 2015",20:18,negative,"I used to think counting down from 6 doses of chemo would be easy, but now all I can think of is ""fuck....5 more doses seems like eternity."" ",
"Sunday, September 13th, 2015",20:18,negative,My stomach wants to eat itself.,
"Sunday, September 13th, 2015",20:18,negative,PIE DOESN'T TASTE GOOD ANYMORE. OHHHHH WHAT HAS THE WORLD COME TO.,
"Monday, September 14th, 2015",10:15,me,"I thought I was feeling better yesterday, and I thought the worst was over.",
"Monday, September 14th, 2015",10:15,negative,"So much for waking up, crying to the bathroom while holding your stomach in blinding pain. How graceful. Like a fking swan.",
"Monday, September 14th, 2015",10:15,positive,Your intestinal system was effected by chemo. Your body is doing it's job. Be glad it's working properly!,
"Monday, September 14th, 2015",10:15,positive,"As mom would say, ""well they promised they'd give you medication to prevent nausea but they didn't say it wouldn't make you miserable""",
"Monday, September 14th, 2015",16:14,me,"Mid-day, after chatting with a friend who came over I finally had to get back to fetal position and lied down in my room. ",
"Monday, September 14th, 2015",16:14,me,I called my mom over because I was in pain. She grabbed my hand and looked down at me.,
"Monday, September 14th, 2015",16:14,positive,"How could I not make a joke? I looked up at her, grabbed her hand and said dramatically, ""...come closer....I have to tell you something...""",
"Monday, September 14th, 2015",16:14,positive,"She laughed, slapped me and said, ""UNGH I can't believe you can still find humor in this."" ",
"Monday, September 14th, 2015",16:14,positive,"You know, there are funny videos and supportive friends....but nothing helps the pain more than a mother's touch. Just having her sit next to me and tell me everything will be okay is more powerful than any drug.",
"Wednesday, September 16th, 2015",10:10,me,"When I was processing my diagnosis, I was scared that no one would want to talk to me after they learned that I had cancer. They wouldn't know what to say, and would awkwardly cut ties. ",
"Wednesday, September 16th, 2015",10:10,positive,Silly me.,
"Wednesday, September 16th, 2015",10:10,positive,"I have so much support now, I have no idea how to handle it all. ",
"Wednesday, September 16th, 2015",10:10,positive,"Each new message of support is incredibly, incredibly meaningful. ",
"Wednesday, September 16th, 2015",10:10,me,"Makes me wonder why people are so hidden about the problems they have. If people were open, wouldn't it make helping them so much easier?",
"Wednesday, September 16th, 2015",10:10,positive,"Some of the best messages are from people who have been through the same thing. I'm discovering so many people I had already known had cancer, and I would have never guessed. They check up on me, and remind me that I'm going to be okay. 

They share their own stories and say Texting With Cancer makes them remember when they were going through it themselves. ",
"Wednesday, September 16th, 2015",10:10,positive,Someone even said I'd look 10 years younger when I'm done ;) I can just imagine the conversation now...,
"Wednesday, September 16th, 2015",10:10,positive," “Wow Natalie, you look GREAT!”

“Oh, yeah, thanks. I’m on this new fad diet called cancer. It makes you not want to eat anything, like, ever. And when you do, don’t worry…you go in for another round of chemo!""",
"Wednesday, September 16th, 2015",10:10,positive,"""So it's basically like juicing.""",
"Wednesday, September 16th, 2015",10:10,me,Bahahaha. I would never wish this diet on anyone. It's horrible.,
"Wednesday, September 16th, 2015",10:32,me,Renee stopped by today to give me a care package.,
"Wednesday, September 16th, 2015",10:32,me,"<img src=""img/renee.jpg""></img>",
"Wednesday, September 16th, 2015",10:32,positive,"It's one of the most thoughtful things I've ever received. She googled side effects of chemo and gave me everything I might need, and it was so hard not to cry when I took out all of the things. The cherry on top were the tickets to see Tig at The Largo -- she gave a famous stand up routine about breast cancer. Talk about a care package full of love.",
"Wednesday, September 16th, 2015",10:32,positive,"Among the endless messages I’ve been receiving, the offerings of services, the constant “how are you doing”s, and the little gifts…even when I’m in physical pain, they’re all reminders that I’m not alone.

It’s no doubt that great friends and family will help you through anything.",
"Thursday, September 17th, 2015",15:43,me,Just got back from the doctor.,
"Thursday, September 17th, 2015",15:43,positive,Holy shit. Holy shit holy shit. The doctor and nurse were blown away by how small the tumor became after just one dose.,
"Thursday, September 17th, 2015",15:43,positive,Chemo can drop the mic now.,
"Thursday, September 17th, 2015",15:43,positive,It makes all the pain worth it. ,
"Thursday, September 17th, 2015",15:43,me,"I feel lucky that it's so easy for me to feel the difference. I feel horrible for the people that can't readily feel the treatment working, or worse, have the treatment not work at all. ",
"Thursday, September 17th, 2015",15:43,negative,More common than you think.,
"Sunday, September 20th, 2015",10:31,me,I think I've become a hypochondriac for losing my hair.,
"Sunday, September 20th, 2015",10:31,me,"The funny thing is I've always lost some hair whenever I take a shower (I have a lot to begin with), and I'm actually losing LESS since chemo.",
"Sunday, September 20th, 2015",10:31,me,"Yet, still, everytime I see some fall I'm like ""OH GOD IT'S THE CANCER ISN'T IT""",
"Sunday, September 20th, 2015",10:31,positive,Remember! Side effects don't happen to everyone. Don't convince yourself that it'll happen and it might not!,
"Monday, September 21st, 2015",12:58,me,OH GOD IT'S SO GOOD TO TASTE FOOD AGAIN. EAT ALL THE THINGS. NOM NOMNOMNOMNOMNOM.,
"Monday, September 21st, 2015",12:58,negative,Besides the fact that I have like....3 mouth sores and can barely eat...,
"Monday, September 21st, 2015",12:58,positive,...BUT I WILL TAKE WHAT I CAN GET NOMNOMNOM,
"Monday, September 21st, 2015",18:43,me,"I have to take extra precautions during the rare times I go out to avoid germs and infection...so, in short, I have to wear face masks and gloves.",
"Monday, September 21st, 2015",18:43,me,"<img src=""img/mask.jpg""></img>",
"Monday, September 21st, 2015",18:43,positive,"It's weird-- I expected to be self conscious when walking around in public, but I got used to it pretty quickly.

In fact, I’m going to design a few to coordinate with different outfits. For all I know, the next biggest Vogue trend will be badass face masks. ",
"Monday, September 21st, 2015",18:43,positive,You can always turn things in your favor.,
"Tuesday, September 22nd, 2015",16:53,me,"Spent the majority of my day going through the Think Dirty app. Research has shown that a big cause of breast cancer is toxic chemicals (carcinogenics, environmental toxins) in our daily products-- our beauty products being one of them. ",
"Tuesday, September 22nd, 2015",16:53,me,I heard that the founder of Think Dirty made the app as a result of her mother's cancer diagnosis.,
"Tuesday, September 22nd, 2015",16:53,positive,"<a href=""http://www.thinkdirtyapp.com/"">App here. </a>Crazy inspiring. I love it when people are able to take a horrible situation and spin it into something that's not only positive, but doing wonderful things for the world to prevent others from facing the same fate.",
"Tuesday, September 22nd, 2015",16:53,me,Looks like I'll be spending a lot of $$$ on Amazon...,
"Tuesday, September 22nd, 2015",16:53,positive,"Shame to be getting rid of most of my makeup, but take it as an investment -- healthcare is way more expensive than a few extra bucks for new products. ",
"Thursday, September 24th, 2015",10:08,me,"........oooooook. Just touched my hair and a handful just came out.

…that’s definitely not a normal amount.",
"Thursday, September 24th, 2015",10:08,negative,Oh my god don't touch it.,
"Thursday, September 24th, 2015",10:08,me,"Two weeks later, right on the dot.",
"Thursday, September 24th, 2015",10:08,negative,"Damn, I was so close. I was just thinking about how my hair looked so great yesterday. ",
"Thursday, September 24th, 2015",10:08,positive,GANDHI. GANDHI. GANDHI GANDHI GANDHI GANDHI.,
"Thursday, September 24th, 2015",10:08,negative,fuuuuuuuuuckkkkkkkkk.,
"Saturday, September 26th, 2015",10:31,me,"So much hair fell out today. It reminds me of the last scene in I Know What You Did Last Summer, when she wakes up and sees her pillowcase full of her hair and screams. I used to laugh and say ""Uhhh that doesn't seem so bad for a horror movie.""",
"Saturday, September 26th, 2015",10:31,negative,Nooowwww you knoowwwww,
"Saturday, September 26th, 2015",10:31,negative,Don't underestimate that shit.,
"Saturday, September 26th, 2015",10:31,positive,"Honestly, I'm surprised I still look normal. Shows you just how much hair I had to begin with. Jeezus.",
"Saturday, September 26th, 2015",10:31,negative,"Took that for granted, didn't you?",
"Saturday, September 26th, 2015",10:32,me,Meh. That's what friends are for. ,
"Saturday, September 26th, 2015",10:32,positive,Game night definitely solidified that. I have an amazing support group of awesome friends. Liz got me a gorgeous purple princess wig and a spiky silver one to get me ready for the inevitable. ,
"Saturday, September 26th, 2015",10:32,positive,"<img src=""img/wigs.jpg""></img>",
"Saturday, September 26th, 2015",10:32,positive,And the group also made me face masks!,
"Saturday, September 26th, 2015",10:32,positive,"<img src=""img/masks.jpg""></img>",
"Saturday, September 26th, 2015",10:32,positive,Awesome to have creative friends who help make the best out of situations. :) ,
"Saturday, September 26th, 2015",10:32,me,"Everytime I touch my hair, a handful comes out.",
"Saturday, September 26th, 2015",10:32,me,"<img src=""img/hur.jpg""></img>",
"Saturday, September 26th, 2015",10:32,positive,"Sometimes, in situations like these, there's nothing you can do but laugh.",
"Sunday, September 27th, 2015",10:54,positive,I received the cutest thing in the mail. Just. So cute.,
"Sunday, September 27th, 2015",10:54,positive,"<img src=""img/azzam.jpg""></img>",
"Sunday, September 27th, 2015",10:54,positive,"Ms. Azzam (who's crazy nice son helped me with Texting with Cancer) had her adorable 2nd grade class design face masks for me to wear. There's such a sense of pure love and care in each one (drawn with scented markers, too!)...and the letter made me feel so warm and cared for. How sweet. :) ",
"Sunday, September 27th, 2015",10:54,positive,"Kids are so great. Especially because they wrote ""We got to make you masks instead of doing schoolwork."" ",
"Sunday, September 27th, 2015",10:54,positive,Bahahahaha. I love kids.,
"Monday, September 28th, 2015",17:05,me,Oh my god. So much hair. Just. So much hair is coming out. I think it's time to shave it tonight.,
"Monday, September 28th, 2015",17:05,me,"You know, I always thought that when it was time to shave my hair, I'd cry my eyes out and find it to be the most difficult thing to do.",
"Monday, September 28th, 2015",17:05,negative,As if being bald is the 'symbol' of being a cancer patient.,
"Monday, September 28th, 2015",17:05,me,But I get why people shave it off now.,
"Monday, September 28th, 2015",17:05,me,BECAUSE HAVING IT SHED EVERYWHERE IS SO GODDAMN ANNOYING. AND ITCHY. AHHH.,
"Monday, September 28th, 2015",17:05,positive,"Oh man it's going to be so weird being bald. How cool is it that you get to experience it without the social pressure? ""Yo, you laughin' at me because I'm bald? WELL I HAVE CANCER. FEEL BAD NOW, DON'T YOU?""",
"Monday, September 28th, 2015",17:05,positive,I can't wait to feel my head. ,
"Monday, September 28th, 2015",17:05,me,It's HAPPENING!,
"Monday, September 28th, 2015",17:05,positive,"Wow, right when I was about to tear up the doorbell rang. Great timing, UPS. ",
"Monday, September 28th, 2015",17:05,positive,"The IT team from 72 sent me a care package. Leave it to IT to know just what I love. DVDs of fun movies and, of course, a massive lego set for A BATMOBILE.",
"Monday, September 28th, 2015",17:05,positive,"<img src=""img/batmobile.jpg""></img>",
"Monday, September 28th, 2015",17:05,positive,T_T Oh I love it so much. I'm so moved I'm going to wear this Batmobile on my head. Baldness has NOTHING ON ME. LET'S SHAVE THIS SHIT. ,
"Tuesday, September 29th, 2015",20:22,me,"<img src=""img/mohawk1.jpg""></img>",
"Tuesday, September 29th, 2015",20:22,positive,"I don't know where I'd be without these ladies. We did a live Snapchat feed and tried to do as many hairstyles as possible. Skrillex, bowl cut with an actual bowl, Sia...oh god it was so much fun. ",
"Tuesday, September 29th, 2015",20:22,positive,"I thought I'd cry from losing my hair, but cutting it in crazy shapes felt oddly empowering. I was taking control of my situation, and not only that...I realized I look pretty darn cute with short hair. ",
"Tuesday, September 29th, 2015",20:22,positive,AND A MOHAWK.,
"Tuesday, September 29th, 2015",20:22,positive,"<img src=""img/mohawk.jpg""></img>",
"Tuesday, September 29th, 2015",20:22,me,#janellemonae,
"Tuesday, September 29th, 2015",20:22,me,Baller. Saving this for chemo. ,
"Tuesday, September 29th, 2015",20:22,me,"We were so exhausted from laughing so hard, my mom said ""How is it that your tragedy can turn into so much fun?""",
"Tuesday, September 29th, 2015",20:22,positive,"Welcome to the life of Natalie Sun, yo. ",
"Thursday, October 1st, 2015",9:48,me,STOP...chemo time. ,
"Thursday, October 1st, 2015",9:48,me,People say the first dose is always the best. ,
"Thursday, October 1st, 2015",9:48,negative,"I thought it was because your body is weaker, and I'm sure that's partially the reason. 

But I think a big part is because with the first dose, you don’t know what to expect. Now, I just know I’m injecting poison into my body. It’s never fun to walk yourself into the hospital, knowing that the thing you’re going in for will put you in pain.",
"Thursday, October 1st, 2015",9:48,positive,So that's why you party with friends the night before. Always makes it better. :) ,
"Thursday, October 1st, 2015",9:48,positive,"Plus, the nurses are pretty great.",
"Thursday, October 1st, 2015",18:43,me,"<img src=""img/purplewig.jpg""></img>",
"Thursday, October 1st, 2015",18:43,me,I'm getting used to this wig thing.,
"Thursday, October 1st, 2015",18:43,positive,The best of cousins get you a Batman snuggie and matching Batmobile slippers to build your LEGO Batmobile.,
"Sunday, October 4th, 2015",12:15,me,"Lucky mom and dad knew what to prepare me for this round, so the stomachaches aren't as bad.",
"Sunday, October 4th, 2015",12:15,negative,"Still, the spiral of depression that chemo puts you into is not fun.",
"Sunday, October 4th, 2015",12:15,negative,"Everytime I think about how bald I am, I want to puke.",
"Sunday, October 4th, 2015",12:15,negative,"Actually, everytime I do anything I want to puke.",
"Sunday, October 4th, 2015",12:15,positive,"Come on, depression is a phase.",
"Sunday, October 4th, 2015",12:15,negative,Idon'twannadoanythingggggggggggg,
"Sunday, October 4th, 2015",12:15,negative,bbbllllaaaaahhhhhhhhhhhhhh this bed is not comfortable. This pillow isn't comfortable. Nothing is comfortable. I hate everything. ,
"Sunday, October 4th, 2015",12:15,me,Stop it.,
"Sunday, October 4th, 2015",12:15,negative,I hate chemo. I hate chemo. I hate chemo. I hate chemo. I hate chemo. ,
"Sunday, October 4th, 2015",12:15,negative,I don't want to do chemo anymore. Please make it stop. Please. ,
"Wednesday, October 7th, 2015",21:59,negative,"You know what never fucking gets old?

Me, apparently, because people keep REMINDING me about how YOUNG I am to have cancer.",
"Wednesday, October 7th, 2015",21:59,negative,Like I would have forgotten.,
"Wednesday, October 7th, 2015",21:59,me,"Rewatching 50/50 was really emotionally cathartic. It's the only movie I've watched so far that fully portrays what it feels like emotionally and physically going through chemo. I lost it when he started crying to his mom before having anesthesia -- the feeling I had when I went to my first round of chemo, but was afraid to express.",
"Wednesday, October 7th, 2015",21:59,positive,"Despite being a movie, it's nice to know it was written by a guy based on his own experience. Real stories like that make it feel like I'm not alone, emotionally. It feels like I'm not the only one feeling like all of this is unfair, painful, stupid.",
"Wednesday, October 7th, 2015",21:59,negative,You know what else you should be thankful for?,
"Wednesday, October 7th, 2015",21:59,negative,The fact that you didn't have a boyfriend when you went through this shit. Daaaaamn. Can you imagine? The girlfriend in that movie was a bieeeetch. ,
"Wednesday, October 7th, 2015",21:59,me,...I can't decide if that's a positive or negative thought. :| ,
"Thursday, October 8th, 2015",10:33,me,If 1 out of 3 women are diagnosed with breast cancer...I wonder how many celebrities have had (or have) breast cancer.,
"Thursday, October 8th, 2015",10:33,me,"My mom said, ""That's why celebrities disappear for months or year at a time and resurface. It's often health issues.""",
"Thursday, October 8th, 2015",10:33,me,"It was just made public that Selena Gomez has lupus, and has been undergoing chemo. Poor thing. ",
"Thursday, October 8th, 2015",10:33,me,"I can't imagine being that public...and she's even younger than me. Handling the press, the backlash, horrible teenagers, trolls. I can't even imagine what she's going through ON TOP of chemo. ",
"Sunday, October 11th, 2015",12:27,me,"Kind of crazy how resilient the human mind is. Despite the pain and depression I had to endure, once I'm feeling 'normal', it's like it never even happened",
"Sunday, October 11th, 2015",12:27,positive,"Well, you experience a new low when you're in so much pain/depression that your mom is walking you to the kitchen to eat some pot brownies.",
"Sunday, October 11th, 2015",12:27,positive,Which definitely happened last week. And is fucking hilarious.,
"Sunday, October 11th, 2015",12:27,negative,I didn't even get high. Laaaaame.,
"Monday, October 12th, 2015",16:44,me,"Sooo mom's been doing some research. She told me since abnormal hormones were contributing to to the growth of my tumor, according to research, eating a vegan diet (no dairy) has been shown to prevent and sometimes reverse breast and prostate cancer.",
"Monday, October 12th, 2015",16:44,me,"Then she looked me dead in the eye and said ""...so...at least until treatment is over...you have to eat a vegan diet.""",
"Monday, October 12th, 2015",16:44,negative,....,
"Monday, October 12th, 2015",16:44,negative,soo....you might as well die.,
"Monday, October 12th, 2015",16:44,negative,"THAT'S EVERYTHING GOOD. No smoothies. No ice cream. No CHEESE. NO CHEESE?! WHY, LIFE, WHY?!",
"Monday, October 12th, 2015",16:44,negative,FML FML FML FML.,
"Monday, October 12th, 2015",16:44,positive,"Oh calm down, you baby.",
"Monday, October 12th, 2015",16:44,positive,"This was how you reacted when you chose to take out soda and fast food from your life. Remember that year? After that year, you didn't want any of it anymore.",
"Monday, October 12th, 2015",16:44,negative,IT'S NOT THE SAAAAAAME,
"Monday, October 12th, 2015",16:44,positive,Do you like dairy and meat so much that you're willing to go through more chemo?,
"Monday, October 12th, 2015",16:44,negative,...,
"Monday, October 12th, 2015",16:44,me,Vegan diet it is.,
"Wednesday, October 14th, 2015",19:02,me,"During breakfast, I sighed and said ""I wish I could just go back to regular life.""",
"Wednesday, October 14th, 2015",19:02,me,"My mom looked at me and laughed. ""Oh, honey. This IS regular life. Regular life is not when everything is going smoothly. Regular life is when everything goes up and down. Shit happens. You deal with it, then you move on. That's real life.""",
"Wednesday, October 14th, 2015",19:02,positive,Damn. Mom knows her shit.,
"Friday, October 16th, 2015",18:48,negative,"You know what helps make the fear of chemo go away? Medical bills. Ahh, the medical bills. Always so timely, too. ",
"Friday, October 16th, 2015",18:48,me,Is there EVER a good time to get bills? ,
"Friday, October 16th, 2015",18:48,negative,"Welcome to the American healthcare system...where an appointment with a doctor, when he tells me what I already know, costs me $800.",
"Friday, October 16th, 2015",18:48,negative,"So chemo causes emotional pain, mental pain....and financial pain. Lovely.",
"Friday, October 16th, 2015",18:48,positive,"At least you look good bald. My, my, grandma, what a round head you have...",
"Thursday, October 22nd, 2015",21:28,me,Time to update Texting With Cancer,
"Thursday, October 22nd, 2015",21:28,negative,I don't want to. Lazy.,
"Thursday, October 22nd, 2015",21:28,positive,So today's chemo was great. ,
"Thursday, October 22nd, 2015",21:28,positive,I dressed up like a princess. ,
"Thursday, October 22nd, 2015",21:28,positive,"<img src=""img/princess.jpg""></img>",
"Thursday, October 22nd, 2015",21:28,positive,"All the nurses got such a kick out of it. They kept telling me they loved my tiara, and when I was waiting to be picked up, someone shouted ""I LOVE YOUR PURPLE HAIR"" out of his car.",
"Thursday, October 22nd, 2015",21:28,positive,Excited to think about what kind of costume I'll come up with next. :) ,
"Thursday, October 22nd, 2015",21:28,me,"During chemo today, I overheard the guy next to me just starting his first round. Sounds like he's around my age...had his girlfriend and mom next to him.",
"Thursday, October 22nd, 2015",21:28,negative,Ooh boy. They don't know what they're in for.,
"Thursday, October 22nd, 2015",21:28,me,"Man...it's so common now, even in young people...I hope they'll be okay.",
"Friday, October 23rd, 2015",18:25,me,I wonder why this pot gummy hasn't kicked in yet. It's been 3 hours.,
"Friday, October 23rd, 2015",18:25,me,although...I am feeling really....heavy...,
"Friday, October 23rd, 2015",18:25,me,oh. oh my god I think it's kicking in. Why does everything feel like it's 500 lbs?! WHAT IS GOING ON? EVERYTHING IS MELTING. AHHHHHHHH.,
"Friday, October 23rd, 2015",18:25,positive,AHHHHHHHH.,
"Friday, October 23rd, 2015",18:25,negative,AHHHHHHHH.,
"Saturday, October 24th, 2015",9:25,me,WHAT THE FUCK HAPPENED LAST NIGHT?,
"Saturday, October 24th, 2015",9:25,positive,Holy shit I have no idea but we're never doing that again. ,
"Saturday, October 24th, 2015",9:25,me,I feel really weak.,
"Saturday, October 24th, 2015",9:25,negative,"Honey, I don't think that's the pot. I'm pretty sure that's the fucking chemo doing it's fucking shit again.",
"Saturday, October 24th, 2015",9:25,negative,"I don't know how much more of this I can take. The side effects are actually getting better, but I feel more and more like hating myself for putting myself through this.",
"Saturday, October 24th, 2015",9:25,me,I'm gonna barf.,
"Saturday, October 24th, 2015",9:25,positive,Deep breaths. Deeep breaths.,
"Saturday, October 24th, 2015",9:25,me,I'm never leaving this bed. FML. Fuck everything.,
"Saturday, October 24th, 2015",9:25,me,"There have been so many articles popping up lately about overtreatment and overdiagnosis of breast cancer. I'm not even looking for them-- I don't Google, but they always seem to pop up when I'm in a waiting room flipping through magazines or random websites.",
"Saturday, October 24th, 2015",9:25,negative,Oh come on. It wasn't an overdiagnosis. YOU HAD A MASSIVE LUMP.,
"Saturday, October 24th, 2015",9:25,me,"Well, yeah, but overtreatment? I grew up in a hospital, I know how the medical system works. ",
"Saturday, October 24th, 2015",9:25,positive,"Well, the doctor's looking out for you in his own way. But you have a say in your treatment, too, and you have responsibility in knowing how your body works and taking care of yourself. Keep all those things in mind when you read these things. ",
"Sunday, October 25th, 2015",20:46,me,"Fuck. I cried again. Like massively sobbing into a puddle of tears. What's worse is I made my mom cry, too. ",
"Sunday, October 25th, 2015",20:46,negative,Way. to. go.,
"Sunday, October 25th, 2015",20:46,positive,"Hey, hey. Crying is healthy. Makes the nausea go away, too. Maybe the nausea isn't necessarily the chemo, but sometimes it's the pent up emotions that you're not allowing yourself to feel. Crying is okay.",
"Sunday, October 25th, 2015",20:46,negative,I want to die.,
"Sunday, October 25th, 2015",20:46,positive,SHHH SHHH SHHHH. Shhhh don't say that. It's the drugs. Blame it on the drugs. Don't say that.,
"Sunday, October 25th, 2015",20:46,negative,It's not fairrr,
"Sunday, October 25th, 2015",20:46,positive,I know...I know it's not fair...you'll get through this. It'll be okay. ,
"Sunday, October 25th, 2015",20:46,negative,I can see why so many people might just give up trying and would rather die instead. ,
"Tuesday, October 27th, 2015",12:20,me,"I just realized that, despite my taste changes from chemo, my mom's cooking never tastes bad.",
"Tuesday, October 27th, 2015",12:20,positive,"Welcome to the world of actually listening to your body. Mom makes everything organic, makes her own pasta from scratch, cooks almost no meat and uses what she can from our own garden. ",
"Tuesday, October 27th, 2015",12:20,me,The only things that taste bad are eating out and really sweet/salty things.,
"Tuesday, October 27th, 2015",12:20,positive,Your body is telling you what's good for you. ,
"Tuesday, October 27th, 2015",12:20,me,"You know what it's telling me? Despite the side effects being way better than the last two doses, my body's had enough. ",
"Tuesday, October 27th, 2015",12:20,negative,........ehhhhhh...........,
"Tuesday, October 27th, 2015",17:25,me,"I've been watching countless documentarys about food, cancer, treatment, healthcare...and, contrary to popular belief, there are other ways to aid in recovery too.",
"Tuesday, October 27th, 2015",17:25,positive,Prevention and lifestyle changes? That's good.,
"Tuesday, October 27th, 2015",17:25,negative,But you can't change NOW....what will everyone think of you? Such a wimp...what will the doctors and nurses think?,
"Tuesday, October 27th, 2015",17:25,positive,Right now it's about your and your survival. It's not about what other people think. ,
"Tuesday, October 27th, 2015",17:25,me,Right now I want to kill myself because of chemo.,
"Tuesday, October 27th, 2015",17:25,positive,"Whatever decision you make, just make your decision and go for it. Do your research, ask everyone, read, then make your decision. Don't look back, and trust your gut. ",
"Wednesday, October 28th, 2015",0:30,me,Holy shit. I thought the worst was over. But this is definitely the worst pain I've ever been in. ,
"Wednesday, October 28th, 2015",0:30,me,I feel like my body's testing my pain tolerance and seeing how far it can push it before I pass out.,
"Wednesday, October 28th, 2015",0:30,me,"I was in so much pain, holding my stomach that I couldn't even cry because I didn't have the energy. All I could muster was ""i caaahhnnnttt I passsss ouuuuuuttt"" and my dad laid me down on the floor so the blood could rush back to my head. ",
"Wednesday, October 28th, 2015",0:30,me,How do people deal with this kind of pain?,
"Wednesday, October 28th, 2015",0:30,negative,Painkillers.,
"Wednesday, October 28th, 2015",0:30,positive,...which aren't good for you. ,
"Wednesday, October 28th, 2015",0:30,me,Whenever I'm in pain mom and dad walk me through everything my body is doing and why it's reacting like that so I know how to solve the problem instead of try and make it go away. ,
"Wednesday, October 28th, 2015",0:30,positive,"That's the best type of support they can give -- educating you on your health, listening to your body, and teaching you how to naturally let your body heal the way it's supposed to-- the way nature intended. The body really is a miraculous thing...you just have to learn to listen to it.",
"Wednesday, October 28th, 2015",0:30,negative,"In other news, I can't believe you're doing this to her midnight on her BIRTHDAY. What kind of heartless person are you? Jeezus.",
"Wednesday, October 28th, 2015",0:30,me,Fuck...,
"Wednesday, October 28th, 2015",0:30,positive,Pain first. Birthday cake later. You can make it up to her. ,
"Wednesday, October 28th, 2015",0:30,me,Are you kidding me? You can't even get out of bed how are you going to get a cake?,
"Wednesday, October 28th, 2015",0:30,positive,...remember those times your friends offered to help whenever you need it? You might need it.,
"Thursday, October 29th, 2015",18:20,me,So I want to stop chemo.,
"Thursday, October 29th, 2015",18:20,negative,Jeezus Christ. Are you fucking kidding me? No. Just listen to your doctor. Take the easy route.,
"Thursday, October 29th, 2015",18:20,me,"I've been doing my research since day 1. I've asked everyone I know who are experienced doctors, radiologists, oncologists, patients, and researchers. ",
"Thursday, October 29th, 2015",18:20,me,"I've watched countless documentaries and read books about the different pros and cons to the different possibilities that I can take towards dealing with my health. I'm reading The China Study, watched Forks over Knives, Pink Ribbons, Inc., and also heard the success stories of a lot of patients who have gone through chemo/radiation themselves.",
"Thursday, October 29th, 2015",18:20,negative,Of course you have. You have a bias point of view.,
"Thursday, October 29th, 2015",18:20,positive,I've tried to remain objective in my decision making processes. It's why I chose chemo in the first place. ,
"Thursday, October 29th, 2015",18:20,negative,You're not a doctor. Who are you to make this decision?,
"Thursday, October 29th, 2015",18:20,positive,"You're also not a statistic. You're not like a regular patient. You're changing the way you eat, the way you live. Your parents are both extremely successful doctors. Plus, your tumor reacted way, WAY quicker -- the doctors and nurses were even surprised. You're not a typical patient.",
"Thursday, October 29th, 2015",18:20,positive,You know your body better than anyone.,
"Thursday, October 29th, 2015",18:20,me,But what if it comes back?,
"Thursday, October 29th, 2015",18:20,positive,"When do we ever know if it'll come back? People go through the whole 9 yards of surgery, chemo, radiation and it STILL comes back. It's because they don't change anything in their life from when the cancer was created. The cancer developed there for a reason -- you were obviously doing something wrong. ",
"Thursday, October 29th, 2015",18:20,positive,No one ever cares about preventative. ,
"Thursday, October 29th, 2015",18:20,me,I'm so scared...,
"Thursday, October 29th, 2015",18:20,negative,Then listen to your doctor. Stay in chemo.,
"Thursday, October 29th, 2015",18:20,me,But I've never been so adamant about this decision. ,
"Thursday, October 29th, 2015",18:20,me,"I wouldn't advise this route for just anyone. If someone asked me if they should get off chemo, I would never tell them to stop. But I know me. And I know me so well. And I know this is the right choice.",
"Thursday, October 29th, 2015",18:20,me,I've never been so sure of anything in my life.,
"Thursday, October 29th, 2015",18:20,positive,"Well, if you're going to try this, it's going to be risky. If you don't want to do chemo, that means you have to do a LOT more in all other areas in life to make sure you stay healthy and do everything...and I mean EVERYTHING...to prevent it. ",
"Thursday, October 29th, 2015",18:20,negative,I don't know...,
"Thursday, October 29th, 2015",18:20,positive,"You do. You do know. Make your decision, and stand by it.",
"Thursday, October 29th, 2015",18:20,me,"Well, my doctor gave me until my next treatment to think about it. I have to really, really think about it.",
"Friday, October 30th, 2015",11:01,me,I'M GOING BACK TO WORK!,
"Friday, October 30th, 2015",11:01,positive,"Guess who's back, back again
Natty's back, tell a friend
GUESS WHO'S BACK,
GUESS WHO'S BACK,
GUESS WHO'S BACK,
GUESS WHO'S BACK
GUESS WHO'S BACK
GUESS WHO'S BACK...",
"Monday, November 2nd, 2015",11:24,positive,SO. MUCH. LOVE. ,
"Monday, November 2nd, 2015",11:24,me,Didn't really know what to expect when I came back.,
"Monday, November 2nd, 2015",11:24,me,I missed work so much. Who knew. The people especially. ,
"Monday, November 2nd, 2015",11:24,positive,"Amber bought me a bunch of new wigs, and the team ordered a vegan breakfast to accommodate to lil' ol' me. Yowza. Too much love. Can't handle. ",
"Thursday, November 5th, 2015",9:52,me,Dressing well is what gets me through working in an agency full of gorgeous people. ,
"Thursday, November 5th, 2015",9:52,me,It's true -- 72andSunny is known as the model agency because everyone is so good looking.,
"Thursday, November 5th, 2015",9:52,negative,I feel like I have to try so much harder...trying to match hats to my outfit...wear warmer clothes because who knew hair was so insulating...,
"Thursday, November 5th, 2015",9:52,negative,"The silent walk from my car to my desk is the worst. I begin to fall into my tunnel of self loathing, asking myself why I'm back at work, why am I not happy. I start to feel jealous of all my coworkers. They get to have gorgeous, long, dry-bar-blown hair. They get to be happy and do great work where all I get to be is bald, and how I can't go halfway through the day without getting drowsy.",
"Thursday, November 5th, 2015",9:52,positive,You probably shouldn't have listened to that podcast about depression.,
"Thursday, November 5th, 2015",9:52,negative,"I'm trying so hard to be normal again, and being back to work is helping that.",
"Thursday, November 5th, 2015",9:52,positive,"Hey. Newsflash. You're not normal. As much as you want to be, you're sick. You're still recovering. Be okay with being weak and vulnerable. We all go through it. Stop trying to be superman. ",
"Thursday, November 5th, 2015",9:52,positive,"You always liked Batman better, anyways, and lord knows how many dark times he has.",
"Thursday, November 5th, 2015",9:52,negative,I miss my hair so much.,
"Wednesday, November 11th, 2015",21:19,me,"I decided to stay home from work today because I was feeling tired and weak. Going back to work has been great, but I forget that I'm sick and still need to recover.",
"Wednesday, November 11th, 2015",21:19,me,"You know what's made it all better, though?",
"Wednesday, November 11th, 2015",21:19,me,Medical bills.,
"Wednesday, November 11th, 2015",21:19,negative,Just kidding they are the fucking worst.,
"Wednesday, November 11th, 2015",21:19,negative,I feel like drowning into a puddle and crying as I see my life savings just drain out because of all the expenses I had during the time I wasn't working.,
"Wednesday, November 11th, 2015",21:19,me,How could I not go back to work? ,
"Wednesday, November 11th, 2015",21:19,negative,There goes your trip to Europe.,
"Wednesday, November 11th, 2015",21:19,negative,Looks like you won't be seeing Paris for a really long time.,
"Sunday, November 15th, 2015",20:10,me,Sometimes I think about dating. ,
"Sunday, November 15th, 2015",20:10,negative,And then remember that no guy's going to want to date a bald girl.,
"Sunday, November 15th, 2015",20:10,negative,"Either that, or you'll attract them with your flamboyantly colored hair and they'll realize you're bald and think everything's a lie.",
"Sunday, November 15th, 2015",20:10,positive,You don't want to date guys like that anyways.,
"Sunday, November 15th, 2015",20:10,negative,"Yeah....says everyone ever. You can say that but you know deep down that it's just life, and you're just going to have to wait.",
"Sunday, November 15th, 2015",20:10,positive,Why worry so much about it anyways? You never used to think about it when you HAD hair. What makes this any difference? You have plenty of other things to worry yourself about for now. ,
"Sunday, November 15th, 2015",20:10,me,...right.,
"Friday, November 20th, 2015",21:36,me,I thought I was done with crying when I decided to stop chemo.,
"Friday, November 20th, 2015",21:36,me,"The surmounting stress of everything else in life -- work, medical bills, family, future...worry-- it all adds up and I remember what led to my sickness in the first place. ",
"Friday, November 20th, 2015",21:36,me,I got into a fight with my parents because I procrastinated some family responsibilities. It was a long day at work and my body was exhausted and all I wanted to do was go home and sleep....but I got home and was met with these responbilities that I just wanted to forget.,
"Friday, November 20th, 2015",21:36,negative,It's frustrating to not have the energy I once had to stay awake and get things done. I feel tired so quickly.,
"Friday, November 20th, 2015",21:36,negative,"But even more interestingly is when I think about all of this stress...it ENDS with ""and oh yeah I have cancer"", it doesn't begin with it. Like it's now an annoyingly naggy thing that won't go away no matter how much I shake it.",
"Friday, November 20th, 2015",21:36,negative,"Anyways, I got so frustrated that I went out on a drive, went to Renee's house and cried. A lot. Crying about the fact that all this annoying life shit won't go away even though I have cancer. ",
"Friday, November 20th, 2015",21:36,negative,"amd crying that even though, 99% of the time I put on a strong face and wear awesome wigs and do awesome art projects...I still fucking hate waking up every morning bald. And I still fucking hate being tired. And fucking hate not being able to eat what I want. And hate that people that I barely ever talked to feel like they need to ask me how I'm doing and look at me with sympathy. And it makes me feel weak.",
"Friday, November 20th, 2015",21:36,positive,Guess what?,
"Friday, November 20th, 2015",21:36,positive,YOU'RE HUMAN.,
"Friday, November 20th, 2015",21:36,positive,DEAL WITH IT.,
"Friday, November 20th, 2015",21:36,positive,"I'm pretty sure EVERYONE, and I mean EVERYONE, has dealt with crying in their car. Feeling weak. It's just that no one INSTAGRAMS themselves crying (except Kim Kardashian...I think.)",
"Friday, November 20th, 2015",21:36,positive,You're allowed to feel things. Huzzah. You are not a robot. Congratulations. ,
"Friday, November 20th, 2015",21:36,positive,You're dealing with everything just fine. ,
"Friday, November 20th, 2015",10:03,negative,You know what's great?,
"Friday, November 20th, 2015",10:03,negative,"I filed for disability back in August, it never got approved until October, and they still have paid me nothing. ",
"Friday, November 20th, 2015",10:03,positive,I'm lucky that I have savings to keep me going...,
"Friday, November 20th, 2015",10:03,negative,"But this is ridiculous. I've spent the whole morning on the phone and I still can't get to a real person. I wasn't able to work for 3 months, medical bills are coming in, and apparently having cancer is not enough disability...so that's cool.",
"Friday, November 20th, 2015",10:03,positive,Could be worse.,
"Friday, November 20th, 2015",10:03,positive,"Come on, your situation is pretty good. Had it been anyone else, it might have been the end of them...not even that...don't be a princess.",
"Friday, November 20th, 2015",10:03,negative,Really? Really? Calling me a PRINCESS is supposed to make me feel better?,
"Friday, November 20th, 2015",10:03,positive,Deep breaths. Deeeeeeeep breaths. It's not the end of the world. ,
"Thursday, November 26th, 2015",21:06,me,Ah gad. Thanksgiving. So much food. Too much food. I thought being a vegan was supposed to prevent this from happening.,
"Thursday, November 26th, 2015",21:06,me,"Once I put on my wig, dress nice and slap on some makeup...I feel (relatively) normal that I sometimes forget that I'm still recovering.",
"Thursday, November 26th, 2015",21:06,me,"Started washing the dishes with the family when all of a sudden I almost fainted. Too much blood rushing to my stomache, not enough for my head.",
"Thursday, November 26th, 2015",21:06,me,Phew.,
"Thursday, November 26th, 2015",21:06,positive,"Thankful to be alive, though. It's been a good year.",
"Thursday, December 3rd, 2015",22:52,me,"I finally got myself a new diary book. (Had to get a fancy German notebook that lies flat, obviously. What kind of notebook hobo do you think I am?! ...do I think I am?)",
"Thursday, December 3rd, 2015",22:52,me,"It's been around 5 months since my last written diary entry, and I started to ""catch myself up"" in writing for the months that I missed...it felt weird to me how...NOT weird it was when I was trying to catch myself on everything that happened. It almost almost had a ""oh yeah and I have cancer, no big deal""-like tone.",
"Thursday, December 3rd, 2015",22:52,negative,No big deal? The pain you were in weeks ago would beg to differ.,
"Thursday, December 3rd, 2015",22:52,me,"Pretty amazing what your mind can help you forget so you can move on with your life, huh?",
"Thursday, December 3rd, 2015",22:52,positive,.........so.....when do we get to go to Disneyland?,
"Saturday, December 5th, 2015",19:59,me,Watching About Time...about a guy who can time travel.,
"Saturday, December 5th, 2015",19:59,me,"When you ask people for a superpower they'd want to have, supposedly a majority of them say the ability to time travel.",
"Saturday, December 5th, 2015",19:59,me,"It's a little crazy how when you get sick, especially with disease that no one knows the origins of, like cancer...something as powerful as even time travel can't fix it. If I think about what I would go back to change....well....I did everything right to begin with. What could I have changed?",
"Saturday, December 5th, 2015",19:59,me,I got emotional as I got to the end of the movie -- it made me relive a lot of the thoughts I had when I was diagnosed. ,
"Saturday, December 5th, 2015",19:59,me,"I had coffee with a friend just a few weeks after I was diagnosed, and he said, ""Well...if you think about it, who knows when any of us are going to die? You might have cancer...but for all I know I might get hit by a bus tomorrow.""",
"Saturday, December 5th, 2015",19:59,negative,Ahem...well...technically you can fix that if you could time travel.,
"Saturday, December 5th, 2015",19:59,positive,Hey. Dammit. Was trying to be super deep here. ,
"Monday, December 21st, 2015",12:21,me,"I've been getting a lot of, ""Wow you look totally normal! I wouldn't have been able to tell!""",
"Monday, December 21st, 2015",12:21,positive,I'd like to thank cosplay wigs and non-toxic makeup....,
"Monday, December 21st, 2015",12:21,me,"If that's true, though, I wonder just how many people around me are sick and hide it really well. Even from themselves.",
"Monday, December 21st, 2015",12:21,me,The joke of it all is I actually look healthier than a lot of people that don't have illnesses.,
"Thursday, December 24th, 2015",13:18,me,"Spending my Christmas Eve watching The True Cost, a documentary about the toxicity of fast fashion.",
"Thursday, December 24th, 2015",13:18,me,"Since I've been diagnosed, I've read so many articles talking about how cancer is often influenced by environmental toxicities of all kinds. And I'm starting to learn more and more about how deeply rooted these poisons are in our chosen lifestyles.",
"Thursday, December 24th, 2015",13:18,me,"My family's never really celebrated Christmas, so we don't do gifts. And this is the first time I've really felt glad to not be receiving any ""thing"" for Xmas. (my relatives give me money, which I will gladly take. :P) ",
"Thursday, December 24th, 2015",13:18,me,"I'm eating vegan and organic, and I've thrown away all my toxic makeup. I thought that was good enough.",
"Thursday, December 24th, 2015",13:18,me,"But toxins even in the clothes that I wear? Pesticides are used on cotton, and chemicals are used to manufacture the leathers and other materials in so much of our clothes.",
"Thursday, December 24th, 2015",13:18,me,"Having cancer is bad enough. But so many other countries that are manufacturing the objects for our consumption-craved culture are suffering from things that are way worse because of the chemicals they work with and the clothes we discard that fill landfills, contaminating the water.",
"Thursday, December 24th, 2015",13:18,positive,"Well, pretty much all the clothes you buy are secondhand...from thrift shops and consignment stores. That's gotta make you feel pretty good.",
"Thursday, December 24th, 2015",13:18,me,Sure...but some how I just don't feel like it's good enough...,
"Thursday, December 24th, 2015",13:18,me,"I mean, if not for the health and safety of people in other countries, I should do more at least for the health and safety of myself. ",
"Thursday, December 24th, 2015",13:18,negative,But ungh. You've already sacrificed so much. Seems like you pretty much can't do anything anymore. :|,
"Tuesday, December 29th, 2015",10:21,me,I got my port out a week ago...and I keep staring at the scar.,
"Tuesday, December 29th, 2015",10:21,positive,Badass battle wound. That shit better stay because you have a pretty awesome story to go with that scar.,
"Tuesday, December 29th, 2015",10:21,me,"My mind wants to say it's all over, but I have to remind myself that it's not.",
"Tuesday, December 29th, 2015",10:21,me,"There's no way I can relax now. Health is a long term thing, and there's no way I'm going to let this come back. ",
"Wednesday, December 30th, 2015",16:42,me,You know what's cool?,
"Wednesday, December 30th, 2015",16:42,me,Hot pink hair.,
"Wednesday, December 30th, 2015",16:42,me,"<img src=""img/hotpink.jpg""></img>",
"Saturday, January 2nd, 2016",12:32,me,A lot of people have been wanting to hang out with me recently. Probably because it's 'break'....but all these coffees and dinners and hangouts.,
"Saturday, January 2nd, 2016",12:32,negative,Is it because you had cancer? Are they using you for a charity case?,
"Saturday, January 2nd, 2016",12:32,positive,"Stop it. You're a fun person to be around, and an inspiration. They said so themselves!",
"Saturday, January 2nd, 2016",12:32,me,"Maybe everyone knows that I'm actually dying and is in on it, and I'm the only person that doesn't know.",
"Saturday, January 2nd, 2016",12:32,positive,...ok now you're legitimately insane. ,
"Sunday, January 3rd, 2016",15:06,me,"<img src=""img/bloo.jpg""></img>",
"Sunday, January 3rd, 2016",15:06,me,I'm starting to get bored of my colored wigs. Time to buy new colors.,
"Sunday, January 3rd, 2016",15:06,positive,"On the bright side, HAIR IS GROWING OUT! I went from baby-stage to Furiosa-from-Mad-Max stage. ",
"Sunday, January 3rd, 2016",15:06,negative,THAT TOOK TWO MONTHS?! Jeezus my long hair will never come back. ,
"Sunday, January 3rd, 2016",17:30,me,Started improv classes today. ,
"Sunday, January 3rd, 2016",17:30,positive,"I think I ""Yes, and""ed the shit out of cancer. ",
"Sunday, January 3rd, 2016",17:30,positive,You know what they say...,
"Sunday, January 3rd, 2016",17:30,positive,Improv rules can really be applied to life.,
"Sunday, January 10th, 2016",20:56,me,"Sitting here, in front of my computer, getting filmed for a segment on Texting With Cancer. It's all so surreal. ",
"Sunday, January 10th, 2016",20:56,positive,"They interviewed me about some things that made me relive a lot of the experience, and it's amazing how I've almost forgotten about it all.",
"Sunday, January 10th, 2016",20:56,negative,"...well, you know...except for the fact that...you're bald. :| ",
"Thursday, January 21st, 2016",11:15,me,I've gotten a lot of worried comments whenever I don't post on Texting With Cancer for a while.,
"Thursday, January 21st, 2016",11:15,positive,Super sweet of people to think of me.,
"Thursday, January 21st, 2016",11:15,positive,I guess I just don't post anything when I don't think of it. And cancer seems to be a less and less important part of my life -- most things have just become a habit.,
"Thursday, January 21st, 2016",11:15,me,"For the first time in 2 months, I went to work without a wig. Scared, but I figured I'd face my fears and try it out -- my hair is growing out, anyways, and it was getting stuffy.",
"Thursday, January 21st, 2016",11:15,positive,"Holy shit. SO many reactions -- POSITIVE reactions! People actually PREFERRED my hair this way and say I look amazing in it. I've always had short - longish hair, and a full head of it at that...never knew that this would actually look good. Woah!",
"Friday, February 5th, 2016",9:42,me,People keep telling me that my hair is growing fast.,
"Friday, February 5th, 2016",9:42,negative,Honey,
"Friday, February 5th, 2016",9:42,negative,it took 3 MONTHS for it to grow this INCH. NOT. FAST. ENOUGH.,
"Wednesday, February 10th, 2016",15:09,me,"It's my last week at work. Actually, it's my last two days at work.",
"Wednesday, February 10th, 2016",15:09,me,"I put in my two weeks last week, and it's so surreal. ",
"Wednesday, February 10th, 2016",15:09,negative,Are you crazy? Are you fucking crazy? INSURANCE? MAYBE? HELLO?,
"Wednesday, February 10th, 2016",15:09,me,I know...,
"Wednesday, February 10th, 2016",15:09,positive,"Life isn't about insurance, though. You're taking care of yourself, and you can always pay for insurance.",
"Wednesday, February 10th, 2016",15:09,positive,"Life is too short to spend majority of your time, your LIFE, doing something you're not passionate about.",
"Wednesday, February 10th, 2016",15:09,negative,But your work place is awesome. The people are awesome.,
"Wednesday, February 10th, 2016",15:09,positive,"True...but, if it's anything I learned, it's that time is way too valuable to play it safe.",
"Wednesday, February 10th, 2016",15:09,positive,I've always wanted to travel. To work on art. To explore.,
"Wednesday, February 10th, 2016",15:09,positive,"Besides, I have enough money saved up. ",
"Wednesday, February 10th, 2016",15:09,positive,It's all about just having the confidence to know that you're going to be just fine. It'll work itself out.,
"Wednesday, February 10th, 2016",15:09,positive,"Besides, what's the worst that could happen? ",
"Wednesday, February 10th, 2016",15:09,positive,Honestly.,
"Wednesday, February 10th, 2016",15:09,positive,It's time to go live life.,